farm_id,soil_moisture_%,temperature_C,humidity_%,soil_score,temp_score,humidity_Score,round,irrigation
FARM0001,35.95,17.79,77.03,0.6405,0.3558,0.2297,0.47,IRRIGATION OFF
FARM0002,19.74,30.18,61.13,0.8026,0.6036,0.3887,0.66,IRRIGATION ON
FARM0003,29.32,27.37,68.87,0.7068,0.5474,0.3113,0.58,IRRIGATION OFF
FARM0004,17.33,33.73,70.46,0.8267,0.6746,0.2954,0.67,IRRIGATION ON
FARM0005,19.37,33.86,55.73,0.8063,0.6772,0.4427,0.69,IRRIGATION ON
FARM0006,44.91,24.87,83.06,0.5509,0.4974,0.1694,0.46,IRRIGATION OFF
FARM0007,36.28,21.8,47.91,0.6372,0.436,0.5209,0.55,IRRIGATION OFF
FARM0008,27.1,22.26,80.34,0.729,0.4452,0.1966,0.54,IRRIGATION OFF
FARM0009,40.54,19.24,76.5,0.5946,0.3848,0.235,0.46,IRRIGATION OFF
FARM0010,10.25,16.18,41.57,0.8975,0.3236,0.5843,0.66,IRRIGATION ON
FARM0011,13.39,23.47,76.45,0.8661,0.4694,0.2355,0.62,IRRIGATION ON
FARM0012,40.61,31.16,44.9,0.5939,0.6232,0.551,0.59,IRRIGATION OFF
FARM0013,42.43,20.7,76.53,0.5757,0.414,0.2347,0.46,IRRIGATION OFF
FARM0014,12.8,26.9,51.76,0.872,0.538,0.4824,0.69,IRRIGATION ON
FARM0015,23.85,21,77.59,0.7615,0.42,0.2241,0.55,IRRIGATION OFF
FARM0016,15.52,29.07,89.36,0.8448,0.5814,0.1064,0.62,IRRIGATION ON
FARM0017,31.17,19.07,53.2,0.6883,0.3814,0.468,0.55,IRRIGATION OFF
FARM0018,13.92,28.82,41.8,0.8608,0.5764,0.582,0.72,IRRIGATION ON
FARM0019,40.94,27.41,86.49,0.5906,0.5482,0.1351,0.49,IRRIGATION OFF
FARM0020,16.99,21.99,83.57,0.8301,0.4398,0.1643,0.58,IRRIGATION OFF
FARM0021,16.25,20.31,61.73,0.8375,0.4062,0.3827,0.62,IRRIGATION ON
FARM0022,12.45,21.6,82.4,0.8755,0.432,0.176,0.6,IRRIGATION ON
FARM0023,20.53,15.01,61.49,0.7947,0.3002,0.3851,0.56,IRRIGATION OFF
FARM0024,21.73,30.02,51.23,0.7827,0.6004,0.4877,0.67,IRRIGATION ON
FARM0025,18.54,15.11,78.5,0.8146,0.3022,0.215,0.54,IRRIGATION OFF
FARM0026,30.84,32.83,75.96,0.6916,0.6566,0.2404,0.59,IRRIGATION OFF
FARM0027,12.71,20.43,67.01,0.8729,0.4086,0.3299,0.63,IRRIGATION ON
FARM0028,43.11,32.61,63.85,0.5689,0.6522,0.3615,0.55,IRRIGATION OFF
FARM0029,35.35,33.39,66.71,0.6465,0.6678,0.3329,0.59,IRRIGATION OFF
FARM0030,18.83,15.39,90,0.8117,0.3078,0.1,0.52,IRRIGATION OFF
FARM0031,36.84,27.14,45.73,0.6316,0.5428,0.5427,0.59,IRRIGATION OFF
FARM0032,39.76,17.42,79.13,0.6024,0.3484,0.2087,0.45,IRRIGATION OFF
FARM0033,16.16,28.01,85.98,0.8384,0.5602,0.1402,0.62,IRRIGATION ON
FARM0034,33.39,24.89,64.38,0.6661,0.4978,0.3562,0.55,IRRIGATION OFF
FARM0035,36.54,27.92,79.65,0.6346,0.5584,0.2035,0.53,IRRIGATION OFF
FARM0036,18.8,18.85,66.79,0.812,0.377,0.3321,0.59,IRRIGATION OFF
FARM0037,16.28,25.68,88.71,0.8372,0.5136,0.1129,0.6,IRRIGATION ON
FARM0038,13.99,24.83,74.32,0.8601,0.4966,0.2568,0.63,IRRIGATION ON
FARM0039,20.69,27.19,87.38,0.7931,0.5438,0.1262,0.58,IRRIGATION OFF
FARM0040,20.08,32.19,51.67,0.7992,0.6438,0.4833,0.69,IRRIGATION ON
FARM0041,26.4,23.05,67,0.736,0.461,0.33,0.57,IRRIGATION OFF
FARM0042,36.71,25.38,53.91,0.6329,0.5076,0.4609,0.56,IRRIGATION OFF
FARM0043,38.47,24.1,56.16,0.6153,0.482,0.4384,0.54,IRRIGATION OFF
FARM0044,17.12,33.55,74.91,0.8288,0.671,0.2509,0.67,IRRIGATION ON
FARM0045,42.64,29.11,64.12,0.5736,0.5822,0.3588,0.53,IRRIGATION OFF
FARM0046,19.35,29.52,69,0.8065,0.5904,0.31,0.64,IRRIGATION ON
FARM0047,18.17,15.87,75.26,0.8183,0.3174,0.2474,0.55,IRRIGATION OFF
FARM0048,41.87,17.88,88.5,0.5813,0.3576,0.115,0.42,IRRIGATION OFF
FARM0049,31.61,28.69,51.37,0.6839,0.5738,0.4863,0.61,IRRIGATION ON
FARM0050,18.55,28.64,48.75,0.8145,0.5728,0.5125,0.68,IRRIGATION ON
FARM0051,15.53,21.91,71.95,0.8447,0.4382,0.2805,0.61,IRRIGATION ON
FARM0052,19.61,28.72,42.45,0.8039,0.5744,0.5755,0.69,IRRIGATION ON
FARM0053,20.81,26.59,44.51,0.7919,0.5318,0.5549,0.67,IRRIGATION ON
FARM0054,38.15,16.51,51.28,0.6185,0.3302,0.4872,0.51,IRRIGATION OFF
FARM0055,33.62,27.39,56.4,0.6638,0.5478,0.436,0.58,IRRIGATION OFF
FARM0056,41.05,24.07,77.16,0.5895,0.4814,0.2284,0.48,IRRIGATION OFF
FARM0057,25.56,22.25,58.37,0.7444,0.445,0.4163,0.59,IRRIGATION OFF
FARM0058,18.52,26.29,78.26,0.8148,0.5258,0.2174,0.61,IRRIGATION ON
FARM0059,33.14,15.3,51.9,0.6686,0.306,0.481,0.52,IRRIGATION OFF
FARM0060,17.75,29.54,72.95,0.8225,0.5908,0.2705,0.64,IRRIGATION ON
FARM0061,31.85,29.24,69.87,0.6815,0.5848,0.3013,0.58,IRRIGATION OFF
FARM0062,35.54,21.25,87.68,0.6446,0.425,0.1232,0.47,IRRIGATION OFF
FARM0063,22.38,30.01,76.05,0.7762,0.6002,0.2395,0.62,IRRIGATION ON
FARM0064,17.92,26.22,71.09,0.8208,0.5244,0.2891,0.63,IRRIGATION ON
FARM0065,33.01,29.82,44.59,0.6699,0.5964,0.5541,0.62,IRRIGATION ON
FARM0066,11.74,23.86,70.35,0.8826,0.4772,0.2965,0.64,IRRIGATION ON
FARM0067,10.27,19.22,52.78,0.8973,0.3844,0.4722,0.66,IRRIGATION ON
FARM0068,25.27,16.56,61.46,0.7473,0.3312,0.3854,0.55,IRRIGATION OFF
FARM0069,25.25,16.57,77.29,0.7475,0.3314,0.2271,0.52,IRRIGATION OFF
FARM0070,15.13,27.05,72.78,0.8487,0.541,0.2722,0.64,IRRIGATION ON
FARM0071,32.1,26.83,43.71,0.679,0.5366,0.5629,0.61,IRRIGATION ON
FARM0072,32.81,24.51,43.09,0.6719,0.4902,0.5691,0.6,IRRIGATION ON
FARM0073,23.56,28.58,71.54,0.7644,0.5716,0.2846,0.61,IRRIGATION ON
FARM0074,42.09,28.12,46.45,0.5791,0.5624,0.5355,0.57,IRRIGATION OFF
FARM0075,22.66,18.61,87.38,0.7734,0.3722,0.1262,0.52,IRRIGATION OFF
FARM0076,30.9,18.62,71.24,0.691,0.3724,0.2876,0.51,IRRIGATION OFF
FARM0077,41.64,28.57,62.03,0.5836,0.5714,0.3797,0.54,IRRIGATION OFF
FARM0078,34.9,17.49,48.02,0.651,0.3498,0.5198,0.53,IRRIGATION OFF
FARM0079,17.86,16.98,56.76,0.8214,0.3396,0.4324,0.6,IRRIGATION ON
FARM0080,29.21,25.56,54.41,0.7079,0.5112,0.4559,0.6,IRRIGATION ON
FARM0081,25.02,19.81,73.22,0.7498,0.3962,0.2678,0.55,IRRIGATION OFF
FARM0082,22.5,19.82,45.18,0.775,0.3964,0.5482,0.62,IRRIGATION ON
FARM0083,11.29,30.82,55.78,0.8871,0.6164,0.4422,0.72,IRRIGATION ON
FARM0084,25.29,23.79,56.95,0.7471,0.4758,0.4305,0.6,IRRIGATION ON
FARM0085,12.8,21.13,61.31,0.872,0.4226,0.3869,0.64,IRRIGATION ON
FARM0086,43.35,27.15,41.74,0.5665,0.543,0.5826,0.56,IRRIGATION OFF
FARM0087,23.93,19.99,76.78,0.7607,0.3998,0.2322,0.55,IRRIGATION OFF
FARM0088,25.82,23.9,74.1,0.7418,0.478,0.259,0.57,IRRIGATION OFF
FARM0089,17.85,30.84,64.7,0.8215,0.6168,0.353,0.67,IRRIGATION ON
FARM0090,12.58,27.85,74.01,0.8742,0.557,0.2599,0.66,IRRIGATION ON
FARM0091,39.61,27.7,46.26,0.6039,0.554,0.5374,0.58,IRRIGATION OFF
FARM0092,11.59,26.54,78.35,0.8841,0.5308,0.2165,0.64,IRRIGATION ON
FARM0093,15.53,24.29,47.18,0.8447,0.4858,0.5282,0.67,IRRIGATION ON
FARM0094,14.93,33.91,60.91,0.8507,0.6782,0.3909,0.71,IRRIGATION ON
FARM0095,43.08,34.33,57.64,0.5692,0.6866,0.4236,0.58,IRRIGATION OFF
FARM0096,11.58,26.24,54.43,0.8842,0.5248,0.4557,0.69,IRRIGATION ON
FARM0097,31.09,15.81,75.68,0.6891,0.3162,0.2432,0.49,IRRIGATION OFF
FARM0098,27.76,24.8,63.74,0.7224,0.496,0.3626,0.58,IRRIGATION OFF
FARM0099,17.96,24.61,76.06,0.8204,0.4922,0.2394,0.61,IRRIGATION ON
FARM0100,27.56,24.43,76.37,0.7244,0.4886,0.2363,0.56,IRRIGATION OFF
FARM0101,26.95,20.58,87.07,0.7305,0.4116,0.1293,0.51,IRRIGATION OFF
FARM0102,23.29,31.37,80.23,0.7671,0.6274,0.1977,0.61,IRRIGATION ON
FARM0103,31.55,19.85,66.55,0.6845,0.397,0.3345,0.53,IRRIGATION OFF
FARM0104,32.77,20.74,42.96,0.6723,0.4148,0.5704,0.57,IRRIGATION OFF
FARM0105,40.69,26.36,89.15,0.5931,0.5272,0.1085,0.48,IRRIGATION OFF
FARM0106,37.68,30.15,82.81,0.6232,0.603,0.1719,0.53,IRRIGATION OFF
FARM0107,36.38,21.04,40.57,0.6362,0.4208,0.5943,0.56,IRRIGATION OFF
FARM0108,31.51,17.67,77.39,0.6849,0.3534,0.2261,0.49,IRRIGATION OFF
FARM0109,28.49,33.34,81.44,0.7151,0.6668,0.1856,0.59,IRRIGATION OFF
FARM0110,14.62,26.28,73.64,0.8538,0.5256,0.2636,0.64,IRRIGATION ON
FARM0111,11.11,30.38,88.92,0.8889,0.6076,0.1108,0.65,IRRIGATION ON
FARM0112,16.25,25.58,51.13,0.8375,0.5116,0.4887,0.67,IRRIGATION ON
FARM0113,38.33,30.32,40.78,0.6167,0.6064,0.5922,0.61,IRRIGATION ON
FARM0114,27.64,31.32,55.95,0.7236,0.6264,0.4405,0.64,IRRIGATION ON
FARM0115,27.35,33.83,79.29,0.7265,0.6766,0.2071,0.61,IRRIGATION ON
FARM0116,24.44,25.6,52.75,0.7556,0.512,0.4725,0.63,IRRIGATION ON
FARM0117,35.35,24.59,56.65,0.6465,0.4918,0.4335,0.56,IRRIGATION OFF
FARM0118,21.26,24.33,55.42,0.7874,0.4866,0.4458,0.63,IRRIGATION ON
FARM0119,19.13,26.58,47.62,0.8087,0.5316,0.5238,0.67,IRRIGATION ON
FARM0120,35.65,17.8,49.2,0.6435,0.356,0.508,0.53,IRRIGATION OFF
FARM0121,27.7,27.36,70.83,0.723,0.5472,0.2917,0.58,IRRIGATION OFF
FARM0122,42.13,19.82,52.62,0.5787,0.3964,0.4738,0.5,IRRIGATION OFF
FARM0123,23.27,16.12,48.57,0.7673,0.3224,0.5143,0.58,IRRIGATION OFF
FARM0124,42.35,20.61,72.91,0.5765,0.4122,0.2709,0.47,IRRIGATION OFF
FARM0125,23.43,30.81,43.92,0.7657,0.6162,0.5608,0.68,IRRIGATION ON
FARM0126,27.17,33.82,73.98,0.7283,0.6764,0.2602,0.62,IRRIGATION ON
FARM0127,13.73,21.17,53.49,0.8627,0.4234,0.4651,0.65,IRRIGATION ON
FARM0128,20.21,16.69,85.26,0.7979,0.3338,0.1474,0.53,IRRIGATION OFF
FARM0129,18.81,27.5,49.78,0.8119,0.55,0.5022,0.67,IRRIGATION ON
FARM0130,31.11,24.58,59.91,0.6889,0.4916,0.4009,0.57,IRRIGATION OFF
FARM0131,43.36,29.17,54.57,0.5664,0.5834,0.4543,0.55,IRRIGATION OFF
FARM0132,28.7,32.39,41.84,0.713,0.6478,0.5816,0.67,IRRIGATION ON
FARM0133,13.71,19.44,67.9,0.8629,0.3888,0.321,0.61,IRRIGATION ON
FARM0134,14.06,17.83,62.77,0.8594,0.3566,0.3723,0.61,IRRIGATION ON
FARM0135,42.55,25.32,56.55,0.5745,0.5064,0.4345,0.53,IRRIGATION OFF
FARM0136,23.61,19.12,80.44,0.7639,0.3824,0.1956,0.54,IRRIGATION OFF
FARM0137,30.55,31.91,80.69,0.6945,0.6382,0.1931,0.58,IRRIGATION OFF
FARM0138,14.83,18.72,74.67,0.8517,0.3744,0.2533,0.59,IRRIGATION OFF
FARM0139,38.53,25.11,74.23,0.6147,0.5022,0.2577,0.51,IRRIGATION OFF
FARM0140,29.24,17.28,81.16,0.7076,0.3456,0.1884,0.5,IRRIGATION OFF
FARM0141,40.18,32.31,80.59,0.5982,0.6462,0.1941,0.53,IRRIGATION OFF
FARM0142,15.89,20.85,87.62,0.8411,0.417,0.1238,0.57,IRRIGATION OFF
FARM0143,27.13,20.37,62.6,0.7287,0.4074,0.374,0.56,IRRIGATION OFF
FARM0144,39.75,22.95,81.24,0.6025,0.459,0.1876,0.48,IRRIGATION OFF
FARM0145,14.35,23.83,87.9,0.8565,0.4766,0.121,0.6,IRRIGATION ON
FARM0146,25.02,16.9,43.9,0.7498,0.338,0.561,0.59,IRRIGATION OFF
FARM0147,20.97,17.74,77.66,0.7903,0.3548,0.2234,0.55,IRRIGATION OFF
FARM0148,40.1,17.01,69.48,0.599,0.3402,0.3052,0.46,IRRIGATION OFF
FARM0149,31.24,22.84,79.19,0.6876,0.4568,0.2081,0.52,IRRIGATION OFF
FARM0150,33.9,34.09,40.83,0.661,0.6818,0.5917,0.65,IRRIGATION ON
FARM0151,28.82,16.67,86.05,0.7118,0.3334,0.1395,0.48,IRRIGATION OFF
FARM0152,13.02,24.07,55.46,0.8698,0.4814,0.4454,0.67,IRRIGATION ON
FARM0153,36.24,29.66,84.99,0.6376,0.5932,0.1501,0.53,IRRIGATION OFF
FARM0154,18.93,26.48,51.42,0.8107,0.5296,0.4858,0.66,IRRIGATION ON
FARM0155,18.69,21.4,68.58,0.8131,0.428,0.3142,0.6,IRRIGATION ON
FARM0156,10.28,26.28,71.14,0.8972,0.5256,0.2886,0.66,IRRIGATION ON
FARM0157,36.56,29.76,50.26,0.6344,0.5952,0.4974,0.6,IRRIGATION ON
FARM0158,30.33,27.74,69.59,0.6967,0.5548,0.3041,0.58,IRRIGATION OFF
FARM0159,13.81,23.99,46.04,0.8619,0.4798,0.5396,0.68,IRRIGATION ON
FARM0160,13.19,22.11,73.86,0.8681,0.4422,0.2614,0.62,IRRIGATION ON
FARM0161,14.58,22.44,72.23,0.8542,0.4488,0.2777,0.62,IRRIGATION ON
FARM0162,11.77,23.66,64.81,0.8823,0.4732,0.3519,0.65,IRRIGATION ON
FARM0163,40.9,16.75,60.96,0.591,0.335,0.3904,0.47,IRRIGATION OFF
FARM0164,16.29,19.38,78.93,0.8371,0.3876,0.2107,0.58,IRRIGATION OFF
FARM0165,39.63,22.1,82.26,0.6037,0.442,0.1774,0.47,IRRIGATION OFF
FARM0166,16.14,16.12,41,0.8386,0.3224,0.59,0.63,IRRIGATION ON
FARM0167,40.12,22.47,59.78,0.5988,0.4494,0.4022,0.51,IRRIGATION OFF
FARM0168,38.51,29.68,48.89,0.6149,0.5936,0.5111,0.59,IRRIGATION OFF
FARM0169,22.14,27.72,81.08,0.7786,0.5544,0.1892,0.59,IRRIGATION OFF
FARM0170,40.96,22.57,45.07,0.5904,0.4514,0.5493,0.54,IRRIGATION OFF
FARM0171,21.83,32.86,61.57,0.7817,0.6572,0.3843,0.66,IRRIGATION ON
FARM0172,13.36,25.99,42.73,0.8664,0.5198,0.5727,0.7,IRRIGATION ON
FARM0173,37.47,32.9,72.09,0.6253,0.658,0.2791,0.57,IRRIGATION OFF
FARM0174,38.29,30.13,43.05,0.6171,0.6026,0.5695,0.6,IRRIGATION ON
FARM0175,16.05,34.44,46.31,0.8395,0.6888,0.5369,0.73,IRRIGATION ON
FARM0176,29.32,25.39,40.62,0.7068,0.5078,0.5938,0.62,IRRIGATION ON
FARM0177,40.73,28.1,63.65,0.5927,0.562,0.3635,0.54,IRRIGATION OFF
FARM0178,10.71,21.06,64.58,0.8929,0.4212,0.3542,0.64,IRRIGATION ON
FARM0179,35.93,32.34,65.76,0.6407,0.6468,0.3424,0.58,IRRIGATION OFF
FARM0180,25.98,29.09,81.18,0.7402,0.5818,0.1882,0.58,IRRIGATION OFF
FARM0181,10.96,32.08,50.72,0.8904,0.6416,0.4928,0.74,IRRIGATION ON
FARM0182,38.03,27.17,75.64,0.6197,0.5434,0.2436,0.52,IRRIGATION OFF
FARM0183,44.98,31.79,69.69,0.5502,0.6358,0.3031,0.53,IRRIGATION OFF
FARM0184,36.79,31.11,70,0.6321,0.6222,0.3,0.56,IRRIGATION OFF
FARM0185,34.02,24.51,57.92,0.6598,0.4902,0.4208,0.56,IRRIGATION OFF
FARM0186,17.78,32.43,84.34,0.8222,0.6486,0.1566,0.64,IRRIGATION ON
FARM0187,24.46,18.02,57.13,0.7554,0.3604,0.4287,0.57,IRRIGATION OFF
FARM0188,17.33,26.53,79.26,0.8267,0.5306,0.2074,0.61,IRRIGATION ON
FARM0189,16.67,27.53,74.68,0.8333,0.5506,0.2532,0.63,IRRIGATION ON
FARM0190,22,22.19,87.4,0.78,0.4438,0.126,0.55,IRRIGATION OFF
FARM0191,36.99,26.88,45.41,0.6301,0.5376,0.5459,0.59,IRRIGATION OFF
FARM0192,33.16,20.4,46.86,0.6684,0.408,0.5314,0.56,IRRIGATION OFF
FARM0193,20.34,24.93,86.66,0.7966,0.4986,0.1334,0.57,IRRIGATION OFF
FARM0194,25.99,20.28,80.66,0.7401,0.4056,0.1934,0.53,IRRIGATION OFF
FARM0195,43.43,29.66,57.14,0.5657,0.5932,0.4286,0.55,IRRIGATION OFF
FARM0196,24.56,31.05,49.06,0.7544,0.621,0.5094,0.67,IRRIGATION ON
FARM0197,19.16,29.09,78.38,0.8084,0.5818,0.2162,0.62,IRRIGATION ON
FARM0198,41.22,15.23,65.28,0.5878,0.3046,0.3472,0.45,IRRIGATION OFF
FARM0199,26.07,23.96,62.35,0.7393,0.4792,0.3765,0.59,IRRIGATION OFF
FARM0200,17.24,34.01,42.71,0.8276,0.6802,0.5729,0.73,IRRIGATION ON
FARM0201,22.43,31,58.69,0.7757,0.62,0.4131,0.66,IRRIGATION ON
FARM0202,38.86,21.76,42.33,0.6114,0.4352,0.5767,0.55,IRRIGATION OFF
FARM0203,34.21,31.3,72.88,0.6579,0.626,0.2712,0.57,IRRIGATION OFF
FARM0204,24.45,29.97,75.07,0.7555,0.5994,0.2493,0.61,IRRIGATION ON
FARM0205,29.68,33.85,73.71,0.7032,0.677,0.2629,0.61,IRRIGATION ON
FARM0206,15.12,30.69,67.06,0.8488,0.6138,0.3294,0.67,IRRIGATION ON
FARM0207,23.56,34.52,67.61,0.7644,0.6904,0.3239,0.65,IRRIGATION ON
FARM0208,25.71,16.49,76.75,0.7429,0.3298,0.2325,0.52,IRRIGATION OFF
FARM0209,30.89,27.51,55.06,0.6911,0.5502,0.4494,0.6,IRRIGATION ON
FARM0210,17.74,21.64,50.92,0.8226,0.4328,0.4908,0.64,IRRIGATION ON
FARM0211,23.35,17.27,76.2,0.7665,0.3454,0.238,0.53,IRRIGATION OFF
FARM0212,10.26,28.41,83.25,0.8974,0.5682,0.1675,0.65,IRRIGATION ON
FARM0213,12.56,20.04,81.08,0.8744,0.4008,0.1892,0.6,IRRIGATION ON
FARM0214,34.53,33.56,79.34,0.6547,0.6712,0.2066,0.57,IRRIGATION OFF
FARM0215,43.6,28.55,79.75,0.564,0.571,0.2025,0.49,IRRIGATION OFF
FARM0216,17.41,32.03,49.2,0.8259,0.6406,0.508,0.71,IRRIGATION ON
FARM0217,18.77,26.61,57.86,0.8123,0.5322,0.4214,0.65,IRRIGATION ON
FARM0218,15.9,30.71,72.04,0.841,0.6142,0.2796,0.66,IRRIGATION ON
FARM0219,41.2,29.67,76.37,0.588,0.5934,0.2363,0.52,IRRIGATION OFF
FARM0220,17.82,29.66,63.24,0.8218,0.5932,0.3676,0.66,IRRIGATION ON
FARM0221,11.41,19.63,51.7,0.8859,0.3926,0.483,0.66,IRRIGATION ON
FARM0222,29.05,28.07,72.67,0.7095,0.5614,0.2733,0.58,IRRIGATION OFF
FARM0223,25.4,25.29,47.51,0.746,0.5058,0.5249,0.63,IRRIGATION ON
FARM0224,11.51,18.22,41.96,0.8849,0.3644,0.5804,0.67,IRRIGATION ON
FARM0225,25.72,32.35,81.52,0.7428,0.647,0.1848,0.6,IRRIGATION ON
FARM0226,17.08,25.09,47.48,0.8292,0.5018,0.5252,0.67,IRRIGATION ON
FARM0227,24.72,28.95,86.92,0.7528,0.579,0.1308,0.58,IRRIGATION OFF
FARM0228,40.69,18.78,79.47,0.5931,0.3756,0.2053,0.45,IRRIGATION OFF
FARM0229,24.82,20.51,77.75,0.7518,0.4102,0.2225,0.54,IRRIGATION OFF
FARM0230,37.41,17.01,79.3,0.6259,0.3402,0.207,0.46,IRRIGATION OFF
FARM0231,12.8,22.69,70.7,0.872,0.4538,0.293,0.63,IRRIGATION ON
FARM0232,33.59,28.1,44.34,0.6641,0.562,0.5566,0.61,IRRIGATION ON
FARM0233,17.92,24.1,40.23,0.8208,0.482,0.5977,0.67,IRRIGATION ON
FARM0234,29.71,30.15,62.94,0.7029,0.603,0.3706,0.61,IRRIGATION ON
FARM0235,10.34,19.97,73.68,0.8966,0.3994,0.2632,0.62,IRRIGATION ON
FARM0236,18.22,20.31,81.75,0.8178,0.4062,0.1825,0.57,IRRIGATION OFF
FARM0237,31.72,34.71,83.44,0.6828,0.6942,0.1656,0.58,IRRIGATION OFF
FARM0238,44.18,24.2,40.59,0.5582,0.484,0.5941,0.54,IRRIGATION OFF
FARM0239,24.67,22.3,62.54,0.7533,0.446,0.3746,0.59,IRRIGATION OFF
FARM0240,27.49,31.99,76.03,0.7251,0.6398,0.2397,0.6,IRRIGATION ON
FARM0241,19.09,26.15,57.21,0.8091,0.523,0.4279,0.65,IRRIGATION ON
FARM0242,23.34,27.63,48.38,0.7666,0.5526,0.5162,0.65,IRRIGATION ON
FARM0243,32.56,23.9,58.16,0.6744,0.478,0.4184,0.56,IRRIGATION OFF
FARM0244,13.34,24.46,78.55,0.8666,0.4892,0.2145,0.62,IRRIGATION ON
FARM0245,39.35,28.27,56.26,0.6065,0.5654,0.4374,0.56,IRRIGATION OFF
FARM0246,28.89,23.84,52.99,0.7111,0.4768,0.4701,0.59,IRRIGATION OFF
FARM0247,37.93,30.94,49.43,0.6207,0.6188,0.5057,0.6,IRRIGATION ON
FARM0248,38.31,32.07,54.48,0.6169,0.6414,0.4552,0.59,IRRIGATION OFF
FARM0249,35.03,19.66,64.68,0.6497,0.3932,0.3532,0.51,IRRIGATION OFF
FARM0250,26.46,31.83,81.41,0.7354,0.6366,0.1859,0.6,IRRIGATION ON
FARM0251,33.85,21.46,42.11,0.6615,0.4292,0.5789,0.58,IRRIGATION OFF
FARM0252,15.86,17.39,40.45,0.8414,0.3478,0.5955,0.64,IRRIGATION ON
FARM0253,32.56,30.83,51.63,0.6744,0.6166,0.4837,0.62,IRRIGATION ON
FARM0254,16.64,21.95,53.77,0.8336,0.439,0.4623,0.64,IRRIGATION ON
FARM0255,39.99,19.78,72.91,0.6001,0.3956,0.2709,0.47,IRRIGATION OFF
FARM0256,16.25,17.14,41.59,0.8375,0.3428,0.5841,0.64,IRRIGATION ON
FARM0257,26.38,22.22,84.52,0.7362,0.4444,0.1548,0.53,IRRIGATION OFF
FARM0258,16.63,19.98,48.94,0.8337,0.3996,0.5106,0.64,IRRIGATION ON
FARM0259,27.66,25.68,86.68,0.7234,0.5136,0.1332,0.54,IRRIGATION OFF
FARM0260,25.66,29.53,69.79,0.7434,0.5906,0.3021,0.61,IRRIGATION ON
FARM0261,26.11,20.3,52.49,0.7389,0.406,0.4751,0.59,IRRIGATION OFF
FARM0262,11.31,22.63,86.09,0.8869,0.4526,0.1391,0.61,IRRIGATION ON
FARM0263,29.77,28.96,73.68,0.7023,0.5792,0.2632,0.58,IRRIGATION OFF
FARM0264,19.19,23.69,78.1,0.8081,0.4738,0.219,0.59,IRRIGATION OFF
FARM0265,13.14,23.47,56.04,0.8686,0.4694,0.4396,0.66,IRRIGATION ON
FARM0266,15.46,16.72,52.15,0.8454,0.3344,0.4785,0.62,IRRIGATION ON
FARM0267,36.26,27.46,74.75,0.6374,0.5492,0.2525,0.53,IRRIGATION OFF
FARM0268,23.6,32.04,83.21,0.764,0.6408,0.1679,0.61,IRRIGATION ON
FARM0269,11.39,21.1,77.22,0.8861,0.422,0.2278,0.62,IRRIGATION ON
FARM0270,17.9,22.86,76.49,0.821,0.4572,0.2351,0.59,IRRIGATION OFF
FARM0271,34.1,33.19,85.45,0.659,0.6638,0.1455,0.56,IRRIGATION OFF
FARM0272,25.51,32.88,53.69,0.7449,0.6576,0.4631,0.66,IRRIGATION ON
FARM0273,14.69,24.38,49.2,0.8531,0.4876,0.508,0.67,IRRIGATION ON
FARM0274,16.2,23.79,74.39,0.838,0.4758,0.2561,0.61,IRRIGATION ON
FARM0275,25.81,15.85,65.94,0.7419,0.317,0.3406,0.53,IRRIGATION OFF
FARM0276,31.46,25.34,81.49,0.6854,0.5068,0.1851,0.53,IRRIGATION OFF
FARM0277,18.75,33.14,75.92,0.8125,0.6628,0.2408,0.65,IRRIGATION ON
FARM0278,11.54,21.7,83.13,0.8846,0.434,0.1687,0.61,IRRIGATION ON
FARM0279,31.79,24.17,67.18,0.6821,0.4834,0.3282,0.55,IRRIGATION OFF
FARM0280,38.7,18.7,57.45,0.613,0.374,0.4255,0.5,IRRIGATION OFF
FARM0281,30.03,34.33,58.01,0.6997,0.6866,0.4199,0.64,IRRIGATION ON
FARM0282,24.48,19.18,68.57,0.7552,0.3836,0.3143,0.56,IRRIGATION OFF
FARM0283,27.37,24.95,84.18,0.7263,0.499,0.1582,0.54,IRRIGATION OFF
FARM0284,38.21,27.81,52.72,0.6179,0.5562,0.4728,0.57,IRRIGATION OFF
FARM0285,39.18,24.58,41.78,0.6082,0.4916,0.5822,0.57,IRRIGATION OFF
FARM0286,10.66,21.63,79.79,0.8934,0.4326,0.2021,0.62,IRRIGATION ON
FARM0287,19.5,32.54,81.47,0.805,0.6508,0.1853,0.63,IRRIGATION ON
FARM0288,42.33,25.47,47.16,0.5767,0.5094,0.5284,0.55,IRRIGATION OFF
FARM0289,41.12,30.32,41.12,0.5888,0.6064,0.5888,0.59,IRRIGATION OFF
FARM0290,29.59,25.85,53.55,0.7041,0.517,0.4645,0.6,IRRIGATION ON
FARM0291,11.88,18.58,69.64,0.8812,0.3716,0.3036,0.61,IRRIGATION ON
FARM0292,13.25,28.97,55.52,0.8675,0.5794,0.4448,0.7,IRRIGATION ON
FARM0293,27.06,17.26,82.29,0.7294,0.3452,0.1771,0.5,IRRIGATION OFF
FARM0294,24.03,27.42,88.69,0.7597,0.5484,0.1131,0.57,IRRIGATION OFF
FARM0295,14,21.51,62.26,0.86,0.4302,0.3774,0.63,IRRIGATION ON
FARM0296,41.61,15,47.46,0.5839,0.3,0.5254,0.49,IRRIGATION OFF
FARM0297,30.4,25.21,82.63,0.696,0.5042,0.1737,0.53,IRRIGATION OFF
FARM0298,23.35,28.25,49.41,0.7665,0.565,0.5059,0.65,IRRIGATION ON
FARM0299,14.8,32.2,74.77,0.852,0.644,0.2523,0.67,IRRIGATION ON
FARM0300,24.38,22.34,68.41,0.7562,0.4468,0.3159,0.58,IRRIGATION OFF
FARM0301,28.32,19.9,73.19,0.7168,0.398,0.2681,0.53,IRRIGATION OFF
FARM0302,20.12,33.46,76.35,0.7988,0.6692,0.2365,0.65,IRRIGATION ON
FARM0303,12.69,20.04,53.76,0.8731,0.4008,0.4624,0.65,IRRIGATION ON
FARM0304,40.17,16.69,86.7,0.5983,0.3338,0.133,0.43,IRRIGATION OFF
FARM0305,15.87,21.03,77.62,0.8413,0.4206,0.2238,0.59,IRRIGATION OFF
FARM0306,13.41,22.08,70.52,0.8659,0.4416,0.2948,0.62,IRRIGATION ON
FARM0307,33.72,21.27,40.42,0.6628,0.4254,0.5958,0.58,IRRIGATION OFF
FARM0308,43.27,29.16,82.82,0.5673,0.5832,0.1718,0.49,IRRIGATION OFF
FARM0309,15.67,30.54,56.63,0.8433,0.6108,0.4337,0.69,IRRIGATION ON
FARM0310,13.62,26.43,62.29,0.8638,0.5286,0.3771,0.67,IRRIGATION ON
FARM0311,24.14,31.25,51.29,0.7586,0.625,0.4871,0.66,IRRIGATION ON
FARM0312,36.62,19.06,88.38,0.6338,0.3812,0.1162,0.45,IRRIGATION OFF
FARM0313,35.19,24.78,67.03,0.6481,0.4956,0.3297,0.54,IRRIGATION OFF
FARM0314,35.94,16.44,64.44,0.6406,0.3288,0.3556,0.49,IRRIGATION OFF
FARM0315,27.4,19.41,61.31,0.726,0.3882,0.3869,0.56,IRRIGATION OFF
FARM0316,14.23,23.3,67.67,0.8577,0.466,0.3233,0.63,IRRIGATION ON
FARM0317,24.57,30.45,50.31,0.7543,0.609,0.4969,0.66,IRRIGATION ON
FARM0318,10.16,17.35,44.78,0.8984,0.347,0.5522,0.66,IRRIGATION ON
FARM0319,15.59,16.08,50.48,0.8441,0.3216,0.4952,0.62,IRRIGATION ON
FARM0320,21.41,28.54,78.95,0.7859,0.5708,0.2105,0.61,IRRIGATION ON
FARM0321,16.23,24.15,57.93,0.8377,0.483,0.4207,0.65,IRRIGATION ON
FARM0322,37.63,27.23,88.51,0.6237,0.5446,0.1149,0.5,IRRIGATION OFF
FARM0323,25.2,33.55,85.69,0.748,0.671,0.1431,0.6,IRRIGATION ON
FARM0324,18.42,15.25,87.5,0.8158,0.305,0.125,0.52,IRRIGATION OFF
FARM0325,37.01,23.11,58.52,0.6299,0.4622,0.4148,0.54,IRRIGATION OFF
FARM0326,40.83,16.1,73.73,0.5917,0.322,0.2627,0.44,IRRIGATION OFF
FARM0327,18.35,24.57,69.01,0.8165,0.4914,0.3099,0.62,IRRIGATION ON
FARM0328,39.03,25.64,84.97,0.6097,0.5128,0.1503,0.49,IRRIGATION OFF
FARM0329,19.66,24.93,66.03,0.8034,0.4986,0.3397,0.62,IRRIGATION ON
FARM0330,32.56,21.86,56.32,0.6744,0.4372,0.4368,0.56,IRRIGATION OFF
FARM0331,19.95,27.37,66.77,0.8005,0.5474,0.3323,0.63,IRRIGATION ON
FARM0332,17.18,28.31,47.4,0.8282,0.5662,0.526,0.69,IRRIGATION ON
FARM0333,41.36,30.08,73.34,0.5864,0.6016,0.2666,0.53,IRRIGATION OFF
FARM0334,13.24,27.83,51.11,0.8676,0.5566,0.4889,0.7,IRRIGATION ON
FARM0335,15.18,22.39,54.23,0.8482,0.4478,0.4577,0.65,IRRIGATION ON
FARM0336,39.24,17.87,89.42,0.6076,0.3574,0.1058,0.43,IRRIGATION OFF
FARM0337,16.97,20.79,81.14,0.8303,0.4158,0.1886,0.58,IRRIGATION OFF
FARM0338,24.6,28.76,45.97,0.754,0.5752,0.5403,0.66,IRRIGATION ON
FARM0339,35.65,20.19,47.31,0.6435,0.4038,0.5269,0.55,IRRIGATION OFF
FARM0340,36.83,16.89,67.19,0.6317,0.3378,0.3281,0.48,IRRIGATION OFF
FARM0341,21.91,17.05,51.06,0.7809,0.341,0.4894,0.59,IRRIGATION OFF
FARM0342,36.73,29.2,80.73,0.6327,0.584,0.1927,0.53,IRRIGATION OFF
FARM0343,16.87,28.2,63.45,0.8313,0.564,0.3655,0.66,IRRIGATION ON
FARM0344,15.09,20.55,57.61,0.8491,0.411,0.4239,0.63,IRRIGATION ON
FARM0345,42.22,24.49,49.26,0.5778,0.4898,0.5074,0.54,IRRIGATION OFF
FARM0346,27.35,20.77,44.11,0.7265,0.4154,0.5589,0.6,IRRIGATION ON
FARM0347,41.32,33.78,40.64,0.5868,0.6756,0.5936,0.61,IRRIGATION ON
FARM0348,44.13,26.9,46.14,0.5587,0.538,0.5386,0.55,IRRIGATION OFF
FARM0349,19.76,17.16,64.86,0.8024,0.3432,0.3514,0.57,IRRIGATION OFF
FARM0350,31.81,28.22,64.61,0.6819,0.5644,0.3539,0.58,IRRIGATION OFF
FARM0351,25.75,23.85,48.84,0.7425,0.477,0.5116,0.62,IRRIGATION ON
FARM0352,39.9,22.83,88.54,0.601,0.4566,0.1146,0.46,IRRIGATION OFF
FARM0353,24.99,23.24,52.21,0.7501,0.4648,0.4779,0.61,IRRIGATION ON
FARM0354,41.55,28.92,89.29,0.5845,0.5784,0.1071,0.49,IRRIGATION OFF
FARM0355,22.72,24.94,79.36,0.7728,0.4988,0.2064,0.58,IRRIGATION OFF
FARM0356,19.57,25.62,57.37,0.8043,0.5124,0.4263,0.64,IRRIGATION ON
FARM0357,40.19,19.26,77.11,0.5981,0.3852,0.2289,0.46,IRRIGATION OFF
FARM0358,40.11,27.68,53.35,0.5989,0.5536,0.4665,0.56,IRRIGATION OFF
FARM0359,24.77,19.04,41.46,0.7523,0.3808,0.5854,0.61,IRRIGATION ON
FARM0360,40.35,23.14,72.87,0.5965,0.4628,0.2713,0.49,IRRIGATION OFF
FARM0361,14.28,21.59,59.5,0.8572,0.4318,0.405,0.64,IRRIGATION ON
FARM0362,29.1,19.93,79.21,0.709,0.3986,0.2079,0.52,IRRIGATION OFF
FARM0363,23.46,29.01,74.26,0.7654,0.5802,0.2574,0.61,IRRIGATION ON
FARM0364,40.78,23.13,83.32,0.5922,0.4626,0.1668,0.47,IRRIGATION OFF
FARM0365,31.07,29.76,41.37,0.6893,0.5952,0.5863,0.64,IRRIGATION ON
FARM0366,39.64,30.85,63.92,0.6036,0.617,0.3608,0.56,IRRIGATION OFF
FARM0367,42.31,27.53,88.71,0.5769,0.5506,0.1129,0.48,IRRIGATION OFF
FARM0368,14.15,18.81,79.11,0.8585,0.3762,0.2089,0.58,IRRIGATION OFF
FARM0369,44.16,24.02,69.15,0.5584,0.4804,0.3085,0.49,IRRIGATION OFF
FARM0370,12.06,19.7,89.84,0.8794,0.394,0.1016,0.58,IRRIGATION OFF
FARM0371,27.63,32.56,55.87,0.7237,0.6512,0.4413,0.65,IRRIGATION ON
FARM0372,28.09,18.3,64.56,0.7191,0.366,0.3544,0.54,IRRIGATION OFF
FARM0373,22.48,24.7,82.29,0.7752,0.494,0.1771,0.57,IRRIGATION OFF
FARM0374,28.41,23.33,78.41,0.7159,0.4666,0.2159,0.54,IRRIGATION OFF
FARM0375,30.8,34.4,87.54,0.692,0.688,0.1246,0.58,IRRIGATION OFF
FARM0376,18.4,22.98,50.41,0.816,0.4596,0.4959,0.65,IRRIGATION ON
FARM0377,39.12,24.79,63.82,0.6088,0.4958,0.3618,0.53,IRRIGATION OFF
FARM0378,28.45,16.68,43.96,0.7155,0.3336,0.5604,0.57,IRRIGATION OFF
FARM0379,27.87,24.29,80.64,0.7213,0.4858,0.1936,0.55,IRRIGATION OFF
FARM0380,35.34,24,57.07,0.6466,0.48,0.4293,0.55,IRRIGATION OFF
FARM0381,26.11,28.15,76.3,0.7389,0.563,0.237,0.59,IRRIGATION OFF
FARM0382,17.32,27.99,71.3,0.8268,0.5598,0.287,0.64,IRRIGATION ON
FARM0383,40.09,19.03,81.69,0.5991,0.3806,0.1831,0.45,IRRIGATION OFF
FARM0384,27.01,27.23,80.83,0.7299,0.5446,0.1917,0.57,IRRIGATION OFF
FARM0385,10.73,18.84,51.61,0.8927,0.3768,0.4839,0.66,IRRIGATION ON
FARM0386,31.76,29.99,46.45,0.6824,0.5998,0.5355,0.63,IRRIGATION ON
FARM0387,11.12,23.61,46.03,0.8888,0.4722,0.5397,0.69,IRRIGATION ON
FARM0388,37.96,30.12,79.08,0.6204,0.6024,0.2092,0.53,IRRIGATION OFF
FARM0389,35.64,27.94,46.89,0.6436,0.5588,0.5311,0.6,IRRIGATION ON
FARM0390,15.31,23.43,80.09,0.8469,0.4686,0.1991,0.6,IRRIGATION ON
FARM0391,21.02,18.29,77.96,0.7898,0.3658,0.2204,0.55,IRRIGATION OFF
FARM0392,10.28,25.56,75.01,0.8972,0.5112,0.2499,0.65,IRRIGATION ON
FARM0393,28.81,29.38,66.02,0.7119,0.5876,0.3398,0.6,IRRIGATION ON
FARM0394,35.43,17.21,58.65,0.6457,0.3442,0.4135,0.51,IRRIGATION OFF
FARM0395,19.96,29.3,75.72,0.8004,0.586,0.2428,0.62,IRRIGATION ON
FARM0396,24.87,19.3,73.84,0.7513,0.386,0.2616,0.54,IRRIGATION OFF
FARM0397,14.53,32.27,50.63,0.8547,0.6454,0.4937,0.72,IRRIGATION ON
FARM0398,44.69,24.72,47.11,0.5531,0.4944,0.5289,0.53,IRRIGATION OFF
FARM0399,20.84,21.76,81.72,0.7916,0.4352,0.1828,0.56,IRRIGATION OFF
FARM0400,41.51,15.92,62.15,0.5849,0.3184,0.3785,0.46,IRRIGATION OFF
FARM0401,30.19,26.4,63.79,0.6981,0.528,0.3621,0.58,IRRIGATION OFF
FARM0402,21.22,24.83,57,0.7878,0.4966,0.43,0.63,IRRIGATION ON
FARM0403,43.33,16.18,49.07,0.5667,0.3236,0.5093,0.48,IRRIGATION OFF
FARM0404,18.28,25.09,53.46,0.8172,0.5018,0.4654,0.65,IRRIGATION ON
FARM0405,20.66,16.68,50.17,0.7934,0.3336,0.4983,0.6,IRRIGATION ON
FARM0406,12.11,20.47,74,0.8789,0.4094,0.26,0.61,IRRIGATION ON
FARM0407,40.74,25.1,84.2,0.5926,0.502,0.158,0.48,IRRIGATION OFF
FARM0408,26.68,28.45,84.76,0.7332,0.569,0.1524,0.57,IRRIGATION OFF
FARM0409,23.54,31.24,46.24,0.7646,0.6248,0.5376,0.68,IRRIGATION ON
FARM0410,43.86,24.86,70.3,0.5614,0.4972,0.297,0.49,IRRIGATION OFF
FARM0411,14.49,20.19,51.4,0.8551,0.4038,0.486,0.65,IRRIGATION ON
FARM0412,25.14,20.48,63.33,0.7486,0.4096,0.3667,0.57,IRRIGATION OFF
FARM0413,43.52,18.94,43.14,0.5648,0.3788,0.5686,0.51,IRRIGATION OFF
FARM0414,28.19,16.46,61.93,0.7181,0.3292,0.3807,0.53,IRRIGATION OFF
FARM0415,31.38,17.04,42.61,0.6862,0.3408,0.5739,0.56,IRRIGATION OFF
FARM0416,25.89,18.85,69.76,0.7411,0.377,0.3024,0.54,IRRIGATION OFF
FARM0417,20.91,34.19,55.56,0.7909,0.6838,0.4444,0.69,IRRIGATION ON
FARM0418,40.05,18.91,85.43,0.5995,0.3782,0.1457,0.44,IRRIGATION OFF
FARM0419,15.68,30.78,50.97,0.8432,0.6156,0.4903,0.7,IRRIGATION ON
FARM0420,38.91,15.2,67.73,0.6109,0.304,0.3227,0.46,IRRIGATION OFF
FARM0421,16.25,31.86,41.05,0.8375,0.6372,0.5895,0.73,IRRIGATION ON
FARM0422,15.06,30.9,58.91,0.8494,0.618,0.4109,0.69,IRRIGATION ON
FARM0423,43.89,19.18,63.53,0.5611,0.3836,0.3647,0.47,IRRIGATION OFF
FARM0424,19.39,33.42,41.83,0.8061,0.6684,0.5817,0.72,IRRIGATION ON
FARM0425,20.33,19.6,65.61,0.7967,0.392,0.3439,0.58,IRRIGATION OFF
FARM0426,20.31,25.93,53.82,0.7969,0.5186,0.4618,0.65,IRRIGATION ON
FARM0427,44.93,30.05,85.62,0.5507,0.601,0.1438,0.48,IRRIGATION OFF
FARM0428,17.94,24.49,79.3,0.8206,0.4898,0.207,0.6,IRRIGATION ON
FARM0429,30.21,33.87,80.52,0.6979,0.6774,0.1948,0.59,IRRIGATION OFF
FARM0430,44.2,26.36,85.69,0.558,0.5272,0.1431,0.47,IRRIGATION OFF
FARM0431,13.65,15.64,64.43,0.8635,0.3128,0.3557,0.6,IRRIGATION ON
FARM0432,44.64,23.37,59.45,0.5536,0.4674,0.4055,0.5,IRRIGATION OFF
FARM0433,19.64,17.85,59.96,0.8036,0.357,0.4004,0.59,IRRIGATION OFF
FARM0434,38.82,23.3,70.89,0.6118,0.466,0.2911,0.5,IRRIGATION OFF
FARM0435,41.81,30.24,58.44,0.5819,0.6048,0.4156,0.56,IRRIGATION OFF
FARM0436,39.95,15.21,85.86,0.6005,0.3042,0.1414,0.42,IRRIGATION OFF
FARM0437,13.52,25.69,43.88,0.8648,0.5138,0.5612,0.7,IRRIGATION ON
FARM0438,25.54,15.97,50.09,0.7446,0.3194,0.4991,0.57,IRRIGATION OFF
FARM0439,11.54,31.31,71.34,0.8846,0.6262,0.2866,0.69,IRRIGATION ON
FARM0440,33.03,27.48,84.27,0.6697,0.5496,0.1573,0.53,IRRIGATION OFF
FARM0441,32.24,21.36,64.11,0.6776,0.4272,0.3589,0.54,IRRIGATION OFF
FARM0442,36.5,16.2,54.83,0.635,0.324,0.4517,0.51,IRRIGATION OFF
FARM0443,32.68,15.47,56.56,0.6732,0.3094,0.4344,0.52,IRRIGATION OFF
FARM0444,43.38,34.84,46.28,0.5662,0.6968,0.5372,0.6,IRRIGATION ON
FARM0445,25.69,20.44,44,0.7431,0.4088,0.56,0.61,IRRIGATION ON
FARM0446,39.89,33.43,47.64,0.6011,0.6686,0.5236,0.61,IRRIGATION ON
FARM0447,10.45,29.51,86.28,0.8955,0.5902,0.1372,0.65,IRRIGATION ON
FARM0448,43.5,30.03,75.46,0.565,0.6006,0.2454,0.51,IRRIGATION OFF
FARM0449,31.19,17.95,68.92,0.6881,0.359,0.3108,0.51,IRRIGATION OFF
FARM0450,39.04,21.04,72.92,0.6096,0.4208,0.2708,0.49,IRRIGATION OFF
FARM0451,10.22,24.83,78.69,0.8978,0.4966,0.2131,0.64,IRRIGATION ON
FARM0452,38.5,16.18,77.96,0.615,0.3236,0.2204,0.45,IRRIGATION OFF
FARM0453,18.22,30.21,53.3,0.8178,0.6042,0.467,0.68,IRRIGATION ON
FARM0454,33.87,21.3,58.06,0.6613,0.426,0.4194,0.54,IRRIGATION OFF
FARM0455,43.29,19.97,74.31,0.5671,0.3994,0.2569,0.45,IRRIGATION OFF
FARM0456,26.96,30.88,86.95,0.7304,0.6176,0.1305,0.58,IRRIGATION OFF
FARM0457,37.89,28.46,83.74,0.6211,0.5692,0.1626,0.51,IRRIGATION OFF
FARM0458,41.59,19.41,63.82,0.5841,0.3882,0.3618,0.48,IRRIGATION OFF
FARM0459,41.86,29.5,79.25,0.5814,0.59,0.2075,0.51,IRRIGATION OFF
FARM0460,14.46,22.6,55.54,0.8554,0.452,0.4446,0.65,IRRIGATION ON
FARM0461,28.84,17.89,81.86,0.7116,0.3578,0.1814,0.5,IRRIGATION OFF
FARM0462,26.74,24.9,58.84,0.7326,0.498,0.4116,0.6,IRRIGATION ON
FARM0463,20.47,33.25,41.08,0.7953,0.665,0.5892,0.71,IRRIGATION ON
FARM0464,21.32,32.32,86.73,0.7868,0.6464,0.1327,0.61,IRRIGATION ON
FARM0465,13.57,32.17,89.14,0.8643,0.6434,0.1086,0.65,IRRIGATION ON
FARM0466,14.16,21.05,48.62,0.8584,0.421,0.5138,0.66,IRRIGATION ON
FARM0467,10.81,26.45,77.27,0.8919,0.529,0.2273,0.65,IRRIGATION ON
FARM0468,23.78,30.67,43.2,0.7622,0.6134,0.568,0.68,IRRIGATION ON
FARM0469,17.22,26.25,41.75,0.8278,0.525,0.5825,0.69,IRRIGATION ON
FARM0470,14.89,21.26,89.84,0.8511,0.4252,0.1016,0.57,IRRIGATION OFF
FARM0471,19.71,23.44,53.03,0.8029,0.4688,0.4697,0.64,IRRIGATION ON
FARM0472,33.01,27.1,47.67,0.6699,0.542,0.5233,0.6,IRRIGATION ON
FARM0473,37.23,30.96,44.9,0.6277,0.6192,0.551,0.61,IRRIGATION ON
FARM0474,29.3,32.93,87.33,0.707,0.6586,0.1267,0.58,IRRIGATION OFF
FARM0475,23.26,16.06,88.72,0.7674,0.3212,0.1128,0.5,IRRIGATION OFF
FARM0476,20.68,33.95,55.64,0.7932,0.679,0.4436,0.69,IRRIGATION ON
FARM0477,42.64,24.96,73.84,0.5736,0.4992,0.2616,0.49,IRRIGATION OFF
FARM0478,43.76,32.64,51.25,0.5624,0.6528,0.4875,0.57,IRRIGATION OFF
FARM0479,26.91,15.04,59.68,0.7309,0.3008,0.4032,0.54,IRRIGATION OFF
FARM0480,10.31,18.95,84.93,0.8969,0.379,0.1507,0.59,IRRIGATION OFF
FARM0481,32.97,17.8,40.29,0.6703,0.356,0.5971,0.56,IRRIGATION OFF
FARM0482,24.74,31,56.24,0.7526,0.62,0.4376,0.65,IRRIGATION ON
FARM0483,36.86,28.57,88.82,0.6314,0.5714,0.1118,0.51,IRRIGATION OFF
FARM0484,33.32,24.48,45.15,0.6668,0.4896,0.5485,0.59,IRRIGATION OFF
FARM0485,31.58,16.02,55.32,0.6842,0.3204,0.4468,0.53,IRRIGATION OFF
FARM0486,21.19,15.82,77.24,0.7881,0.3164,0.2276,0.53,IRRIGATION OFF
FARM0487,21.59,22.23,66.44,0.7841,0.4446,0.3356,0.59,IRRIGATION OFF
FARM0488,42.39,25.93,76.27,0.5761,0.5186,0.2373,0.49,IRRIGATION OFF
FARM0489,32.05,23.72,66.19,0.6795,0.4744,0.3381,0.55,IRRIGATION OFF
FARM0490,40.46,18.31,59.21,0.5954,0.3662,0.4079,0.49,IRRIGATION OFF
FARM0491,19.06,20.93,45.96,0.8094,0.4186,0.5404,0.64,IRRIGATION ON
FARM0492,32.14,21.49,84.2,0.6786,0.4298,0.158,0.5,IRRIGATION OFF
FARM0493,28.81,30.56,45.32,0.7119,0.6112,0.5468,0.65,IRRIGATION ON
FARM0494,18.11,22.37,44.68,0.8189,0.4474,0.5532,0.65,IRRIGATION ON
FARM0495,12.52,33.18,45.01,0.8748,0.6636,0.5499,0.75,IRRIGATION ON
FARM0496,42.85,30.85,79.58,0.5715,0.617,0.2042,0.51,IRRIGATION OFF
FARM0497,34.22,17.46,45.14,0.6578,0.3492,0.5486,0.54,IRRIGATION OFF
FARM0498,15.93,17.03,57.87,0.8407,0.3406,0.4213,0.61,IRRIGATION ON
FARM0499,38.61,17.08,73.09,0.6139,0.3416,0.2691,0.46,IRRIGATION OFF
FARM0500,30.22,20.57,89.74,0.6978,0.4114,0.1026,0.49,IRRIGATION OFF
